team,country,level,rank,elo,valid_from,valid_to
Bayern,GER,1,2.0,1995.50012207,2026-01-25,2026-01-28
Paris SG,FRA,1,3.0,1955.85461426,2026-01-24,2026-01-28
Man City,ENG,1,4.0,1953.93127441,2026-01-25,2026-01-28
Liverpool,ENG,1,5.0,1948.87646484,2026-01-25,2026-01-28
Real Madrid,ESP,1,7.0,1922.64147949,2026-01-25,2026-01-28
Inter,ITA,1,9.0,1914.09936523,2026-01-24,2026-01-28
Dortmund,GER,1,14.0,1843.14160156,2026-01-25,2026-01-28
Brighton,ENG,1,15.0,1841.14562988,2026-01-25,2026-01-31
Sporting,POR,1,17.0,1834.38574219,2026-01-25,2026-01-28
Tottenham,ENG,1,23.0,1807.60974121,2026-01-25,2026-01-28
Bournemouth,ENG,1,24.0,1806.89758301,2026-01-25,2026-01-31
Fulham,ENG,1,25.0,1806.5,2026-01-25,2026-02-01
Leverkusen,GER,1,27.0,1801.45373535,2026-01-25,2026-01-28
PSV,NED,1,28.0,1799.70532227,2026-01-25,2026-01-28
Lens,FRA,1,34.0,1761.68432617,2026-01-25,2026-01-30
Marseille,FRA,1,35.0,1755.36108398,2026-01-25,2026-01-28
Villarreal,ESP,1,36.0,1754.06469727,2026-01-25,2026-01-28
RB Leipzig,GER,1,38.0,1750.42443848,2026-01-25,2026-01-27
Como,ITA,1,42.0,1725.27148438,2026-01-25,2026-02-01
Lazio,ITA,1,44.0,1716.85339355,2026-01-25,2026-01-30
West Ham,ENG,1,45.0,1716.7791748,2026-01-25,2026-01-31
Bilbao,ESP,1,47.0,1714.61535645,2026-01-25,2026-01-28
Galatasaray,TUR,1,48.0,1711.44934082,2026-01-25,2026-01-28
Brugge,BEL,1,49.0,1708.37780762,2026-01-25,2026-01-28
Olympiakos,GRE,1,51.0,1705.61132812,2026-01-25,2026-01-28
St Gillis,BEL,1,52.0,1705.37475586,2026-01-25,2026-01-28
Frankfurt,GER,1,53.0,1701.67675781,2026-01-25,2026-01-28
Hoffenheim,GER,1,54.0,1701.00097656,2026-01-25,2026-01-27
Burnley,ENG,1,55.0,1699.84411621,2026-01-25,2026-02-02
Sunderland,ENG,1,57.0,1695.03820801,2026-01-25,2026-02-02
Rennes,FRA,1,59.0,1695.00964355,2026-01-25,2026-01-31
Wolves,ENG,1,64.0,1676.03259277,2026-01-25,2026-01-31
Monaco,FRA,1,65.0,1673.33959961,2026-01-25,2026-01-28
Fiorentina,ITA,1,67.0,1663.25549316,2026-01-25,2026-01-31
Espanyol,ESP,1,69.0,1661.65795898,2026-01-25,2026-01-30
Osasuna,ESP,1,71.0,1655.99963379,2026-01-25,2026-01-31
Werder,GER,1,73.0,1645.41918945,2026-01-25,2026-01-27
Valencia,ESP,1,74.0,1643.81860352,2026-01-25,2026-02-01
Union Berlin,GER,1,75.0,1641.29699707,2026-01-25,2026-01-31
Ipswich,ENG,2,77.0,1638.85205078,2026-01-25,2026-01-31
Mainz,GER,1,78.0,1637.59741211,2026-01-25,2026-01-31
Torino,ITA,1,80.0,1636.88220215,2026-01-25,2026-02-01
Rayo Vallecano,ESP,1,82.0,1631.28881836,2026-01-25,2026-02-01
Wolfsburg,GER,1,83.0,1629.63244629,2026-01-25,2026-01-30
AEK,GRE,1,87.0,1623.15441895,2026-01-25,2026-02-01
Sevilla,ESP,1,90.0,1610.01330566,2026-01-25,2026-02-02
Lorient,FRA,1,91.0,1609.43615723,2026-01-25,2026-01-31
Elche,ESP,1,92.0,1609.14855957,2026-01-24,2026-01-31
Ajax,NED,1,93.0,1609.11547852,2026-01-25,2026-01-28
Cagliari,ITA,1,99.0,1600.89672852,2026-01-25,2026-01-31
Augsburg,GER,1,,1596.54760742,2026-01-25,2026-01-31
CSKA Moskva,RUS,1,,1595.08752441,2026-01-01,2026-02-08
Levante,ESP,1,,1588.67248535,2026-01-24,2026-01-31
Middlesbrough,ENG,2,,1585.52258301,2026-01-25,2026-01-31
Venezia,ITA,2,,1584.1171875,2026-01-25,2026-02-08
Lok Moskva,RUS,1,,1576.38354492,2026-01-01,2026-02-08
Hamburg,GER,1,,1568.81652832,2026-01-24,2026-01-31
Auxerre,FRA,1,,1563.31994629,2026-01-24,2026-02-01
Leicester,ENG,2,,1562.00964355,2026-01-25,2026-01-31
Le Havre,FRA,1,,1561.8416748,2026-01-25,2026-01-30
Karabakh Agdam,AZE,0,,1561.08630371,2026-01-22,2026-01-28
Las Palmas,ESP,2,,1559.4317627,2026-01-25,2026-01-30
Hull,ENG,2,,1558.32446289,2026-01-25,2026-01-31
Guimaraes,POR,1,,1556.50305176,2026-01-25,2026-01-30
Sheffield United,ENG,2,,1551.99914551,2026-01-25,2026-01-31
Lecce,ITA,1,,1550.93457031,2026-01-25,2026-02-01
Spartak Moskva,RUS,1,,1550.35656738,2026-01-01,2026-02-08
Reims,FRA,2,,1549.87097168,2026-01-25,2026-02-08
Rakow,POL,1,,1549.48986816,2026-01-01,2026-02-01
Paphos,CYP,0,,1549.42944336,2026-01-22,2026-01-28
St Pauli,GER,1,,1549.01086426,2026-01-24,2026-01-27
Shakhtar,UKR,1,,1544.38671875,2026-01-01,2026-02-08
Twente,NED,1,,1543.67724609,2026-01-25,2026-01-30
Millwall,ENG,2,,1542.89318848,2026-01-25,2026-01-31
Heidenheim,GER,1,,1539.44543457,2026-01-25,2026-02-01
Frosinone,ITA,2,,1534.85412598,2026-01-25,2026-02-08
Monza,ITA,2,,1531.6940918,2026-01-25,2026-02-08
Pisa,ITA,1,,1530.88977051,2026-01-24,2026-01-31
Bristol City,ENG,2,,1530.70605469,2026-01-25,2026-01-30
Leganes,ESP,2,,1526.77416992,2026-01-25,2026-02-08
St Truiden,BEL,1,,1526.57983398,2026-01-25,2026-01-31
Watford,ENG,2,,1525.26367188,2026-01-25,2026-01-31
Trabzonspor,TUR,1,,1519.68737793,2026-01-24,2026-02-08
Nijmegen,NED,1,,1519.43347168,2026-01-25,2026-01-31
Stoke,ENG,2,,1518.7376709,2026-01-25,2026-01-31
Preston,ENG,2,,1516.93566895,2026-01-25,2026-01-31
Derby,ENG,2,,1516.84411621,2026-01-24,2026-01-30
Saint-Etienne,FRA,2,,1512.81860352,2026-01-25,2026-02-08
QPR,ENG,2,,1511.82531738,2026-01-25,2026-01-31
Estoril,POR,1,,1508.2779541,2026-01-25,2026-02-08
Jagiellonia,POL,1,,1507.79370117,2026-01-01,2026-02-08
Cadiz,ESP,2,,1506.75231934,2026-01-25,2026-02-08
Wrexham,ENG,2,,1506.72717285,2026-01-25,2026-01-31
Darmstadt,GER,2,,1506.58374023,2026-01-24,2026-02-08
Lech,POL,1,,1506.54089355,2026-01-01,2026-01-31
Swansea,ENG,2,,1504.25488281,2026-01-25,2026-01-31
Dynamo Moskva,RUS,1,,1504.17382812,2026-01-01,2026-02-08
Palermo,ITA,2,,1502.66308594,2026-01-25,2026-02-08
Holstein,GER,2,,1501.7322998,2026-01-24,2026-01-31
Larnaca,CYP,0,,1500.31872559,2026-01-22,2026-02-08
Empoli,ITA,2,,1500.31860352,2026-01-24,2026-02-08
Troyes,FRA,2,,1499.08361816,2026-01-25,2026-02-08
Moreirense,POR,1,,1496.78417969,2026-01-25,2026-01-30
Malaga,ESP,2,,1494.12414551,2026-01-24,2026-02-08
Burgos,ESP,2,,1486.05822754,2026-01-24,2026-02-08
Birmingham,ENG,2,,1485.10864258,2026-01-25,2026-01-31
Hannover,GER,2,,1484.93884277,2026-01-25,2026-01-30
Omonia,CYP,0,,1484.60827637,2026-01-22,2026-02-08
Bueyueksehir,TUR,1,,1482.94616699,2026-01-25,2026-02-08
Aris Limassol,CYP,0,,1482.3326416,2026-01-22,2026-02-08
Cordoba,ESP,2,,1479.95202637,2026-01-25,2026-02-08
Baltika,RUS,1,,1477.88574219,2026-01-01,2026-02-08
Granada,ESP,2,,1477.58081055,2026-01-25,2026-02-08
Blackburn,ENG,2,,1475.22802734,2026-01-25,2026-01-31
Hertha,GER,2,,1474.34155273,2026-01-25,2026-02-08
Gijon,ESP,2,,1473.21984863,2026-01-25,2026-02-08
West Brom,ENG,2,,1470.44897461,2026-01-24,2026-01-31
Beer-Sheva,ISR,1,,1464.38598633,2026-01-25,2026-02-08
Santa Clara,POR,1,,1460.89282227,2026-01-25,2026-02-08
Craiova,ROM,1,,1460.88598633,2026-01-25,2026-02-08
Valladolid,ESP,2,,1459.93395996,2026-01-25,2026-02-08
Karlsruhe,GER,2,,1457.36450195,2026-01-25,2026-01-31
Albacete,ESP,2,,1455.53564453,2026-01-25,2026-02-08
Juve Stabia,ITA,2,,1454.95263672,2026-01-25,2026-02-08
Charlton,ENG,2,,1453.21362305,2026-01-25,2026-01-31
Mirandes,ESP,2,,1453.03649902,2026-01-25,2026-02-08
Cesena,ITA,2,,1451.85217285,2026-01-25,2026-02-08
Modena,ITA,2,,1449.53686523,2026-01-25,2026-02-08
Magdeburg,GER,2,,1446.71386719,2026-01-25,2026-01-30
Lausanne,SUI,1,,1446.37878418,2026-01-25,2026-02-08
Oxford,ENG,2,,1442.98120117,2026-01-25,2026-01-31
Guingamp,FRA,2,,1441.91833496,2026-01-25,2026-02-08
Samsunspor,TUR,1,,1441.58288574,2026-01-25,2026-02-08
Lugano,SUI,1,,1441.27856445,2026-01-25,2026-02-08
Pogon,POL,1,,1440.42907715,2026-01-01,2026-02-08
Duesseldorf,GER,2,,1439.94433594,2026-01-25,2026-02-08
Cracovia,POL,1,,1438.89404297,2026-01-01,2026-02-08
Arouca,POR,1,,1438.81274414,2026-01-25,2026-02-08
Celje,SVN,1,,1438.73840332,2026-01-01,2026-02-08
Gornik,POL,1,,1438.04870605,2026-01-01,2026-02-08
Nuernberg,GER,2,,1437.08850098,2026-01-24,2026-01-30
Rostov,RUS,1,,1435.17077637,2026-01-01,2026-02-08
Montpellier,FRA,2,,1434.37084961,2026-01-24,2026-02-08
Annecy,FRA,2,,1432.09838867,2026-01-24,2026-02-08
Red Star,FRA,2,,1430.77478027,2026-01-25,2026-02-08
Rubin Kazan,RUS,1,,1430.16821289,2026-01-01,2026-02-08
Piast Gliwice,POL,1,,1426.75805664,2026-01-01,2026-02-08
Casa Pia,POR,1,,1426.08508301,2026-01-24,2026-02-08
Legia,POL,1,,1424.8482666,2026-01-01,2026-02-01
Maccabi Haifa,ISR,1,,1423.58410645,2026-01-25,2026-02-08
Sociedad B,ESP,2,,1423.41955566,2026-01-25,2026-01-30
Zwolle,NED,1,,1422.9942627,2026-01-25,2026-01-31
Radomiak,POL,1,,1420.61621094,2026-01-01,2026-02-08
Dynamo Kyiv,UKR,1,,1418.65649414,2026-01-01,2026-02-08
Hibernian,SCO,1,,1417.47167969,2026-01-25,2026-02-08
Leuven,BEL,1,,1414.06420898,2026-01-25,2026-02-08
Rodez,FRA,2,,1413.19421387,2026-01-24,2026-02-08
Lubin,POL,1,,1412.80822754,2026-01-01,2026-02-08
Korona,POL,1,,1410.82287598,2026-01-01,2026-02-01
Carrarese,ITA,2,,1410.7734375,2026-01-24,2026-02-08
Paksi,HUN,1,,1403.26757812,2026-01-25,2026-02-08
Zulte Waregem,BEL,1,,1398.0,2026-01-25,2026-01-31
Plock,POL,1,,1397.70581055,2026-01-01,2026-02-01
Clermont,FRA,2,,1397.53491211,2026-01-24,2026-02-08
Puskas Akademia,HUN,1,,1390.51049805,2026-01-25,2026-02-08
Katowice,POL,1,,1389.47314453,2026-01-01,2026-02-08
Terek Grozny,RUS,1,,1387.9239502,2026-01-01,2026-02-08
Sion,SUI,1,,1387.66589355,2026-01-25,2026-02-08
Pau,FRA,2,,1387.63183594,2026-01-24,2026-02-08
Bastia,FRA,2,,1383.61352539,2026-01-24,2026-02-08
Lechia,POL,1,,1383.5880127,2026-01-01,2026-01-31
Kasimpasa,TUR,1,,1382.00170898,2026-01-24,2026-02-08
Kryliya Sovetov,RUS,1,,1378.48657227,2026-01-01,2026-02-08
Grenoble,FRA,2,,1378.42980957,2026-01-24,2026-02-08
Bielefeld,GER,2,,1377.81030273,2026-01-24,2026-02-08
Bari,ITA,2,,1376.19262695,2026-01-25,2026-02-08
Akron Togliatti,RUS,1,,1374.86291504,2026-01-01,2026-02-08
Mantova,ITA,2,,1374.1003418,2026-01-25,2026-02-08
Reggiana,ITA,2,,1374.08789062,2026-01-25,2026-02-08
Motherwell,SCO,1,,1373.89709473,2026-01-25,2026-01-31
RAAL,BEL,1,,1373.2734375,2026-01-25,2026-01-30
Luzern,SUI,1,,1370.4630127,2026-01-25,2026-02-08
Sheffield Weds,ENG,2,,1369.14990234,2026-01-25,2026-01-31
Motor Lublin,POL,1,,1368.35766602,2026-01-01,2026-02-08
Dinamo Bucuresti,ROM,1,,1367.42810059,2026-01-24,2026-01-30
Braunschweig,GER,2,,1367.16430664,2026-01-25,2026-01-31
Slovan Bratislava,SLK,0,,1366.51843262,2026-01-01,2026-02-08
Kocaelispor,TUR,1,,1361.71459961,2026-01-25,2026-02-08
Entella,ITA,2,,1358.79284668,2026-01-25,2026-02-08
Laval,FRA,2,,1358.41101074,2026-01-24,2026-02-08
Widzew,POL,1,,1358.3215332,2026-01-01,2026-02-08
Fuerth,GER,2,,1356.94799805,2026-01-25,2026-01-31
Polissya Zhytomyr,UKR,1,,1356.40942383,2026-01-01,2026-02-08
Kayseri,TUR,1,,1356.17004395,2026-01-25,2026-02-08
Boulogne,FRA,2,,1354.84875488,2026-01-25,2026-02-08
Universitatea Cluj,ROM,1,,1353.10327148,2026-01-25,2026-02-08
FK Astana,KAZ,0,,1351.63500977,2026-01-21,2026-02-08
Amiens,FRA,2,,1350.39099121,2026-01-24,2026-02-08
Nancy,FRA,2,,1347.67834473,2026-01-24,2026-02-08
Dresden,GER,2,,1344.91467285,2026-01-25,2026-02-08
Maribor,SVN,1,,1343.56713867,2026-01-01,2026-02-08
Sheriff Tiraspol,MOL,0,,1337.35595703,2026-01-01,2026-02-08
Excelsior,NED,1,,1335.01098633,2026-01-25,2026-02-08
Pescara,ITA,2,,1334.34985352,2026-01-25,2026-02-08
Trnava,SLK,0,,1333.72814941,2026-01-01,2026-02-08
Zilina,SLK,0,,1333.45056152,2026-01-01,2026-02-08
Dynamo Makhachkala,RUS,1,,1331.1953125,2026-01-01,2026-02-08
Grasshoppers,SUI,1,,1328.80615234,2026-01-25,2026-02-08
Volendam,NED,1,,1327.27246094,2026-01-25,2026-02-08
Botosani,ROM,1,,1326.71289062,2026-01-25,2026-02-08
Orenburg,RUS,1,,1324.97106934,2026-01-01,2026-02-08
Koper,SVN,1,,1324.89782715,2026-01-01,2026-02-08
Arka,POL,1,,1324.79003906,2026-01-01,2026-02-08
NFC Volos,GRE,1,,1324.45349121,2026-01-25,2026-02-08
Kosice,SLK,0,,1324.39257812,2026-01-01,2026-02-08
Nieciecza,POL,1,,1323.28356934,2026-01-01,2026-02-08
Zira,AZE,0,,1321.39416504,2026-01-22,2026-02-08
Nizhny Novgorod,RUS,1,,1320.17346191,2026-01-01,2026-02-08
Asteras Tripolis,GRE,1,,1317.35925293,2026-01-25,2026-02-01
Nakchivan,AZE,0,,1315.51049805,2026-01-22,2026-02-08
Sabah,AZE,0,,1313.49816895,2026-01-22,2026-02-08
Breda,NED,1,,1313.31970215,2026-01-25,2026-01-30
Shamrock,IRL,0,,1313.01416016,2026-01-01,2026-02-08
Sochi,RUS,1,,1310.33447266,2026-01-01,2026-02-08
Olimpija Ljubljana,SVN,1,,1308.4263916,2026-01-01,2026-02-08
Kuopio,FIN,0,,1306.05493164,2026-01-01,2026-02-08
AVS Futebol,POR,1,,1303.50476074,2026-01-24,2026-02-08
Noah,ARM,0,,1301.39440918,2026-01-01,2026-02-08
Kryvbas,UKR,1,,1300.24987793,2026-01-01,2026-02-08
Kairat,KAZ,0,,1294.50817871,2026-01-21,2026-01-28
Dundee United,SCO,1,,1293.7878418,2026-01-25,2026-01-31
Aberdeen,SCO,1,,1290.49658203,2026-01-25,2026-01-31
Pyunik,ARM,0,,1289.34020996,2026-01-01,2026-02-08
Kolos,UKR,1,,1289.26293945,2026-01-01,2026-02-08
Metalist 1925,UKR,1,,1285.69543457,2026-01-01,2026-02-08
Vikingur,ISL,0,,1285.12316895,2026-01-01,2026-02-08
Zrinjski Mostar,BHZ,0,,1283.75610352,2026-01-01,2026-02-08
FK Riga,LAT,0,,1283.32727051,2026-01-01,2026-02-08
MTK,HUN,1,,1283.20812988,2026-01-25,2026-02-08
Winterthur,SUI,1,,1282.75878906,2026-01-25,2026-02-08
St Mirren,SCO,1,,1280.30102539,2026-01-25,2026-01-31
LNZ,UKR,1,,1279.71643066,2026-01-01,2026-02-08
Fatih Karaguemruek,TUR,1,,1278.65319824,2026-01-25,2026-02-08
St Patricks,IRL,0,,1278.34521484,2026-01-01,2026-02-08
Bnei Sakhinin,ISR,1,,1274.99279785,2026-01-25,2026-02-08
Kisvarda,HUN,1,,1273.17419434,2026-01-25,2026-02-08
Ujpest,HUN,1,,1269.54870605,2026-01-25,2026-02-08
Bravo,SVN,1,,1264.56921387,2026-01-01,2026-02-08
Falkirk,SCO,1,,1261.79992676,2026-01-25,2026-02-08
Hapoel Jerusalem,ISR,1,,1261.15307617,2026-01-24,2026-02-08
Hapoel Haifa,ISR,1,,1260.06408691,2026-01-25,2026-02-08
Netanya,ISR,1,,1257.71459961,2026-01-25,2026-02-08
Karpaty,UKR,1,,1257.12072754,2026-01-01,2026-02-08
Zorya,UKR,1,,1257.02856445,2026-01-01,2026-02-08
Rukh Lviv,UKR,1,,1251.89929199,2026-01-01,2026-02-08
Larisa,GRE,1,,1250.92529297,2026-01-25,2026-02-08
Drita,KOS,0,,1250.6328125,2026-01-01,2026-02-08
HJK Helsinki,FIN,0,,1250.14465332,2026-01-01,2026-02-08
Ararat,ARM,0,,1248.96777344,2026-01-01,2026-02-08
Olexandriya,UKR,1,,1243.41650391,2026-01-01,2026-02-08
Aktobe,KAZ,0,,1243.41381836,2026-01-21,2026-02-08
Kilmarnock,SCO,1,,1242.40759277,2026-01-25,2026-01-31
Shkendija,MAC,0,,1242.15368652,2026-01-01,2026-02-08
Shelbourne,IRL,0,,1240.87072754,2026-01-01,2026-02-08
Hermannstadt,ROM,1,,1235.22631836,2026-01-24,2026-02-08
Derry City,IRL,0,,1233.97888184,2026-01-01,2026-02-08
Breidablik,ISL,0,,1231.23120117,2026-01-01,2026-02-08
Nyiregyhaza,HUN,1,,1226.08642578,2026-01-25,2026-02-08
H Petach Tikva,ISR,1,,1223.21252441,2026-01-24,2026-02-08
Veres,UKR,1,,1223.16125488,2026-01-01,2026-02-08
RFS,LAT,0,,1221.79467773,2026-01-01,2026-02-08
Panserraikos,GRE,1,,1218.18188477,2026-01-25,2026-02-01
Zeljeznicar,BHZ,0,,1218.015625,2026-01-01,2026-02-08
Ironi Tiberias,ISR,1,,1211.69555664,2026-01-25,2026-02-08
FK Sarajevo,BHZ,0,,1211.49450684,2026-01-01,2026-02-08
Valur,ISL,0,,1211.37255859,2026-01-01,2026-02-08
Borac Banja Luka,BHZ,0,,1211.09521484,2026-01-01,2026-02-08
Ilves Tampere,FIN,0,,1208.86767578,2026-01-01,2026-02-08
Dinamo Minsk,BLR,0,,1202.69592285,2026-01-01,2026-02-08
Ordabasy,KAZ,0,,1202.26062012,2026-01-21,2026-02-08
Unirea Slobozia,ROM,1,,1200.34277344,2026-01-25,2026-02-08
Akureyri,ISL,0,,1199.48815918,2026-01-01,2026-02-08
Radomlje,SVN,1,,1195.37463379,2026-01-01,2026-02-08
Obolon Kyiv,UKR,1,,1191.45031738,2026-01-01,2026-02-08
Klaksvik,FAR,0,,1189.47143555,2026-01-01,2026-02-08
Ballkani,KOS,0,,1188.27062988,2026-01-01,2026-02-08
Seinajoki,FIN,0,,1186.66918945,2026-01-01,2026-02-08
Dinamo Tirana,ALB,0,,1183.72375488,2026-01-01,2026-02-08
Banants,ARM,0,,1182.06335449,2026-01-01,2026-02-08
Auda,LAT,0,,1179.07116699,2026-01-01,2026-02-08
Neman Grodno,BLR,0,,1179.02661133,2026-01-01,2026-02-08
Kiryat Shmona,ISR,1,,1178.62341309,2026-01-25,2026-02-08
Daugavpils,LAT,0,,1171.93493652,2026-01-01,2026-02-08
Zalgiris Vilnius,LIT,0,,1167.50354004,2026-01-01,2026-02-08
Aluminij,SVN,1,,1167.01525879,2026-01-01,2026-02-08
Livingston,SCO,1,,1162.73596191,2026-01-25,2026-01-31
Torpedo Kutaisi,GEO,0,,1159.65441895,2026-01-01,2026-02-08
Petrocub,MOL,0,,1159.45910645,2026-01-01,2026-02-08
Partizani Tirana,ALB,0,,1158.83312988,2026-01-01,2026-02-08
Egnatia,ALB,0,,1157.89318848,2026-01-01,2026-02-08
FC Spaeri,GEO,0,,1150.32836914,2026-01-01,2026-02-08
Dila Gori,GEO,0,,1149.45703125,2026-01-01,2026-02-08
Saburtalo,GEO,0,,1149.44433594,2026-01-01,2026-02-08
Mura,SVN,1,,1147.82739258,2026-01-01,2026-02-08
Primorje,SVN,1,,1147.00073242,2026-01-01,2026-01-30
Vllaznia,ALB,0,,1145.86279297,2026-01-01,2026-02-08
Kauno Zalgiris,LIT,0,,1131.27331543,2026-01-01,2026-02-08
Maccabi Bnei Raina,ISR,1,,1131.12463379,2026-01-25,2026-02-08
Flora Tallinn,EST,0,,1130.34924316,2026-01-01,2026-02-08
Episentr,UKR,1,,1129.16809082,2026-01-01,2026-02-08
Kudrivka,UKR,1,,1125.98828125,2026-01-01,2026-02-08
Dinamo Brest,BLR,0,,1124.85290527,2026-01-01,2026-02-08
Zimbru,MOL,0,,1121.74816895,2026-01-01,2026-02-08
Hamrun,MLT,0,,1116.77966309,2026-01-01,2026-02-08
Domzale,SVN,1,,1115.27880859,2026-01-01,2026-01-30
Linfield,NIR,0,,1112.89941406,2026-01-01,2026-02-08
Banga,LIT,0,,1112.11181641,2026-01-01,2026-02-08
Torpedo Zhodino,BLR,0,,1109.97851562,2026-01-01,2026-02-08
Milsami Orhei,MOL,0,,1106.4597168,2026-01-01,2026-02-08
Vardar,MAC,0,,1106.05053711,2026-01-01,2026-02-08
Hegelmann,LIT,0,,1105.8293457,2026-01-01,2026-02-08
Decic,MNT,0,,1098.27709961,2026-01-01,2026-02-08
Sileks,MAC,0,,1097.37963867,2026-01-01,2026-02-08
SK Poltava,UKR,1,,1091.00097656,2026-01-01,2026-02-08
Rabotnicki,MAC,0,,1087.70288086,2026-01-01,2026-02-08
Prishtine,KOS,0,,1083.18579102,2026-01-01,2026-02-08
Paide Linnameeskond,EST,0,,1082.51757812,2026-01-01,2026-02-08
Sutjeska,MNT,0,,1082.15710449,2026-01-01,2026-02-08
Nomme Kalju,EST,0,,1067.46813965,2026-01-01,2026-02-08
The New Saints,WAL,0,,1066.42773438,2026-01-01,2026-02-08
Lincoln,GIB,0,,1065.0925293,2026-01-01,2026-02-08
Differdang,LUX,0,,1064.40576172,2026-01-01,2026-02-08
Floriana,MLT,0,,1063.39428711,2026-01-01,2026-02-08
Larne,NIR,0,,1059.32751465,2026-01-01,2026-02-08
Malisheva,KOS,0,,1056.29064941,2026-01-01,2026-02-08
R Letzebuerg,LUX,0,,1055.80249023,2026-01-01,2026-02-08
Hibernians Paola,MLT,0,,1055.26086426,2026-01-01,2026-02-08
Dungannon,NIR,0,,1052.24328613,2026-01-01,2026-02-08
Birkirkara,MLT,0,,1050.81774902,2026-01-01,2026-02-08
FC Infonet,EST,0,,1050.10693359,2026-01-01,2026-02-08
HB Torshavn,FAR,0,,1050.02612305,2026-01-01,2026-02-08
Una Strassen,LUX,0,,1047.8717041,2026-01-01,2026-02-08
Runavik,FAR,0,,1039.27258301,2026-01-01,2026-02-08
Dudelange,LUX,0,,1035.68383789,2026-01-01,2026-02-08
Podgorica,MNT,0,,1034.60522461,2026-01-01,2026-02-08
Gota,FAR,0,,1033.25927734,2026-01-01,2026-02-08
Cliftonville,NIR,0,,1032.94494629,2026-01-01,2026-02-08
Escaldes,AND,0,,1002.06817627,2026-01-01,2026-02-08
Penybont,WAL,0,,988.081848145,2026-01-01,2026-02-08
Haverfordwest,WAL,0,,985.360229492,2026-01-01,2026-02-08
St Josephs,GIB,0,,968.097106934,2026-01-01,2026-02-08
Santa Coloma,AND,0,,954.305236816,2026-01-01,2026-02-08
Atletic Club Escaldes,AND,0,,944.222595215,2026-01-01,2026-02-08
FCB Magpies,GIB,0,,935.020629883,2026-01-01,2026-02-08
SS Virtus,SMR,0,,767.627746582,2026-01-01,2026-02-08
Tre Fiori,SMR,0,,736.193237305,2026-01-01,2026-02-08
La Fiorita,SMR,0,,716.190124512,2026-01-01,2026-02-08
Arsenal,ENG,1,1.0,2061.98364258,2026-01-23,2026-01-25
Bayern,GER,1,2.0,1995.50012207,2026-01-25,2026-01-28
Paris SG,FRA,1,3.0,1955.85461426,2026-01-24,2026-01-28
Man City,ENG,1,4.0,1953.93127441,2026-01-25,2026-01-28
Liverpool,ENG,1,5.0,1948.87646484,2026-01-25,2026-01-28
Barcelona,ESP,1,6.0,1941.55664062,2026-01-23,2026-01-25
Real Madrid,ESP,1,7.0,1922.64147949,2026-01-25,2026-01-28
Aston Villa,ENG,1,8.0,1920.99438477,2026-01-23,2026-01-25
Inter,ITA,1,9.0,1914.09936523,2026-01-24,2026-01-28
Chelsea,ENG,1,10.0,1896.34716797,2026-01-23,2026-01-25
Newcastle,ENG,1,11.0,1884.41137695,2026-01-23,2026-01-25
Atletico,ESP,1,12.0,1870.64086914,2026-01-23,2026-01-25
Man United,ENG,1,13.0,1844.1784668,2026-01-23,2026-01-25
Dortmund,GER,1,14.0,1843.14160156,2026-01-25,2026-01-28
Brighton,ENG,1,15.0,1841.14562988,2026-01-25,2026-01-31
Brentford,ENG,1,16.0,1838.73706055,2026-01-23,2026-01-25
Sporting,POR,1,17.0,1834.38574219,2026-01-25,2026-01-28
Milan,ITA,1,18.0,1822.61804199,2026-01-23,2026-01-25
Roma,ITA,1,19.0,1817.51159668,2026-01-23,2026-01-25
Napoli,ITA,1,20.0,1815.57177734,2026-01-23,2026-01-25
Everton,ENG,1,21.0,1814.36157227,2026-01-23,2026-01-26
Juventus,ITA,1,22.0,1809.66552734,2026-01-23,2026-01-25
Tottenham,ENG,1,23.0,1807.60974121,2026-01-25,2026-01-28
Bournemouth,ENG,1,24.0,1806.89758301,2026-01-25,2026-01-31
Fulham,ENG,1,25.0,1806.5,2026-01-25,2026-02-01
Benfica,POR,1,26.0,1803.5904541,2026-01-23,2026-01-25
Leverkusen,GER,1,27.0,1801.45373535,2026-01-25,2026-01-28
PSV,NED,1,28.0,1799.70532227,2026-01-25,2026-01-28
Crystal Palace,ENG,1,29.0,1794.8059082,2026-01-23,2026-01-25
Atalanta,ITA,1,30.0,1791.26318359,2026-01-23,2026-01-25
Porto,POR,1,31.0,1779.21240234,2026-01-23,2026-01-26
Forest,ENG,1,32.0,1769.27941895,2026-01-23,2026-01-25
Leeds,ENG,1,33.0,1764.09155273,2026-01-23,2026-01-26
Lens,FRA,1,34.0,1761.68432617,2026-01-25,2026-01-30
Marseille,FRA,1,35.0,1755.36108398,2026-01-25,2026-01-28
Villarreal,ESP,1,36.0,1754.06469727,2026-01-25,2026-01-28
Lyon,FRA,1,37.0,1752.51916504,2026-01-23,2026-01-25
RB Leipzig,GER,1,38.0,1750.42443848,2026-01-25,2026-01-27
Betis,ESP,1,39.0,1748.94580078,2026-01-23,2026-01-25
Stuttgart,GER,1,40.0,1747.48791504,2026-01-23,2026-01-25
Lille,FRA,1,41.0,1726.5859375,2026-01-23,2026-01-25
Como,ITA,1,42.0,1725.27148438,2026-01-25,2026-02-01
Celta,ESP,1,43.0,1723.41784668,2026-01-23,2026-01-25
Lazio,ITA,1,44.0,1716.85339355,2026-01-25,2026-01-30
West Ham,ENG,1,45.0,1716.7791748,2026-01-25,2026-01-31
Bologna,ITA,1,46.0,1716.43847656,2026-01-23,2026-01-25
Bilbao,ESP,1,47.0,1714.61535645,2026-01-25,2026-01-28
Galatasaray,TUR,1,48.0,1711.44934082,2026-01-25,2026-01-28
Brugge,BEL,1,49.0,1708.37780762,2026-01-25,2026-01-28
Freiburg,GER,1,50.0,1705.71289062,2026-01-23,2026-01-25
Olympiakos,GRE,1,51.0,1705.61132812,2026-01-25,2026-01-28
St Gillis,BEL,1,52.0,1705.37475586,2026-01-25,2026-01-28
Frankfurt,GER,1,53.0,1701.67675781,2026-01-25,2026-01-28
Hoffenheim,GER,1,54.0,1701.00097656,2026-01-25,2026-01-27
Burnley,ENG,1,55.0,1699.84411621,2026-01-25,2026-02-02
Fenerbahce,TUR,1,56.0,1699.83093262,2026-01-23,2026-01-25
Sunderland,ENG,1,57.0,1695.03820801,2026-01-25,2026-02-02
Strasbourg,FRA,1,58.0,1695.01416016,2026-01-23,2026-01-25
Rennes,FRA,1,59.0,1695.00964355,2026-01-25,2026-01-31
Braga,POR,1,60.0,1686.11242676,2026-01-23,2026-01-25
Midtjylland,DEN,1,61.0,1678.02514648,2026-01-23,2026-01-29
Slavia Praha,CZE,1,62.0,1677.25671387,2026-01-23,2026-01-28
Bodoe Glimt,NOR,1,63.0,1676.68579102,2026-01-23,2026-01-28
Wolves,ENG,1,64.0,1676.03259277,2026-01-25,2026-01-31
Monaco,FRA,1,65.0,1673.33959961,2026-01-25,2026-01-28
Sociedad,ESP,1,66.0,1665.6081543,2026-01-23,2026-01-25
Fiorentina,ITA,1,67.0,1663.25549316,2026-01-25,2026-01-31
Zenit,RUS,1,68.0,1662.57800293,2026-01-23,2026-02-08
Espanyol,ESP,1,69.0,1661.65795898,2026-01-25,2026-01-30
Toulouse,FRA,1,70.0,1658.31274414,2026-01-23,2026-01-25
Osasuna,ESP,1,71.0,1655.99963379,2026-01-25,2026-01-31
Brest,FRA,1,72.0,1650.98596191,2026-01-23,2026-01-25
Werder,GER,1,73.0,1645.41918945,2026-01-25,2026-01-27
Valencia,ESP,1,74.0,1643.81860352,2026-01-25,2026-02-01
Union Berlin,GER,1,75.0,1641.29699707,2026-01-25,2026-01-31
FC Krasnodar,RUS,1,76.0,1639.16955566,2026-01-23,2026-02-08
Ipswich,ENG,2,77.0,1638.85205078,2026-01-25,2026-01-31
Mainz,GER,1,78.0,1637.59741211,2026-01-25,2026-01-31
PAOK,GRE,1,79.0,1637.54016113,2026-01-23,2026-01-25
Torino,ITA,1,80.0,1636.88220215,2026-01-25,2026-02-01
Gladbach,GER,1,81.0,1631.8347168,2026-01-23,2026-01-25
Rayo Vallecano,ESP,1,82.0,1631.28881836,2026-01-25,2026-02-01
Wolfsburg,GER,1,83.0,1629.63244629,2026-01-25,2026-01-30
Girona,ESP,1,84.0,1629.38378906,2026-01-23,2026-01-26
Genoa,ITA,1,85.0,1628.72192383,2026-01-23,2026-01-25
Mallorca,ESP,1,86.0,1627.16845703,2026-01-23,2026-01-25
AEK,GRE,1,87.0,1623.15441895,2026-01-25,2026-02-01
Coventry,ENG,2,88.0,1621.90112305,2026-01-23,2026-01-26
Udinese,ITA,1,89.0,1610.81811523,2026-01-23,2026-01-26
Sevilla,ESP,1,90.0,1610.01330566,2026-01-25,2026-02-02
Lorient,FRA,1,91.0,1609.43615723,2026-01-25,2026-01-31
Elche,ESP,1,92.0,1609.14855957,2026-01-24,2026-01-31
Ajax,NED,1,93.0,1609.11547852,2026-01-25,2026-01-28
Feyenoord,NED,1,94.0,1607.57421875,2026-01-23,2026-01-25
Sassuolo,ITA,1,95.0,1607.06933594,2026-01-23,2026-01-25
Alaves,ESP,1,96.0,1605.57946777,2026-01-23,2026-01-25
Parma,ITA,1,97.0,1602.32836914,2026-01-23,2026-01-25
FC Kobenhavn,DEN,1,98.0,1600.8972168,2026-01-23,2026-01-28
Cagliari,ITA,1,99.0,1600.89672852,2026-01-25,2026-01-31
Getafe,ESP,1,100.0,1597.31018066,2026-01-23,2026-01-26
Augsburg,GER,1,,1596.54760742,2026-01-25,2026-01-31
CSKA Moskva,RUS,1,,1595.08752441,2026-01-01,2026-02-08
Levante,ESP,1,,1588.67248535,2026-01-24,2026-01-31
Nice,FRA,1,,1588.39685059,2026-01-23,2026-01-25
Viking,NOR,1,,1588.37524414,2026-01-23,2026-02-08
Middlesbrough,ENG,2,,1585.52258301,2026-01-25,2026-01-31
Venezia,ITA,2,,1584.1171875,2026-01-25,2026-02-08
Genk,BEL,1,,1582.10583496,2026-01-23,2026-01-25
Koeln,GER,1,,1580.52502441,2026-01-23,2026-01-25
Lok Moskva,RUS,1,,1576.38354492,2026-01-01,2026-02-08
Crvena Zvezda,SRB,1,,1575.15490723,2026-01-23,2026-01-29
Sparta Praha,CZE,1,,1572.69287109,2026-01-23,2026-02-08
Aarhus,DEN,1,,1570.41027832,2026-01-23,2026-02-06
Cremonese,ITA,1,,1570.1697998,2026-01-23,2026-01-25
Viktoria Plzen,CZE,1,,1568.83728027,2026-01-23,2026-01-29
Hamburg,GER,1,,1568.81652832,2026-01-24,2026-01-31
Auxerre,FRA,1,,1563.31994629,2026-01-24,2026-02-01
Leicester,ENG,2,,1562.00964355,2026-01-25,2026-01-31
Le Havre,FRA,1,,1561.8416748,2026-01-25,2026-01-30
Karabakh Agdam,AZE,0,,1561.08630371,2026-01-22,2026-01-28
Celtic,SCO,1,,1560.30200195,2026-01-23,2026-01-25
Las Palmas,ESP,2,,1559.4317627,2026-01-25,2026-01-30
Angers,FRA,1,,1559.0958252,2026-01-23,2026-01-25
Verona,ITA,1,,1559.03186035,2026-01-23,2026-01-26
Hull,ENG,2,,1558.32446289,2026-01-25,2026-01-31
Guimaraes,POR,1,,1556.50305176,2026-01-25,2026-01-30
Anderlecht,BEL,1,,1555.71289062,2026-01-23,2026-01-25
Brondby,DEN,1,,1552.38391113,2026-01-23,2026-02-08
Sheffield United,ENG,2,,1551.99914551,2026-01-25,2026-01-31
Lecce,ITA,1,,1550.93457031,2026-01-25,2026-02-01
Spartak Moskva,RUS,1,,1550.35656738,2026-01-01,2026-02-08
Reims,FRA,2,,1549.87097168,2026-01-25,2026-02-08
Rakow,POL,1,,1549.48986816,2026-01-01,2026-02-01
Paphos,CYP,0,,1549.42944336,2026-01-22,2026-01-28
Santander,ESP,2,,1549.39501953,2026-01-23,2026-01-25
St Pauli,GER,1,,1549.01086426,2026-01-24,2026-01-27
Mjaellby,SWE,1,,1547.41955566,2026-01-23,2026-02-08
Nantes,FRA,1,,1546.89208984,2026-01-23,2026-01-25
Oviedo,ESP,1,,1546.46520996,2026-01-23,2026-01-25
Shakhtar,UKR,1,,1544.38671875,2026-01-01,2026-02-08
Panathinaikos,GRE,1,,1543.87573242,2026-01-23,2026-01-25
Twente,NED,1,,1543.67724609,2026-01-25,2026-01-30
Millwall,ENG,2,,1542.89318848,2026-01-25,2026-01-31
Famalicao,POR,1,,1542.74072266,2026-01-23,2026-01-25
Rangers,SCO,1,,1541.49865723,2026-01-23,2026-01-25
Paris FC,FRA,1,,1541.00292969,2026-01-23,2026-01-25
Alkmaar,NED,1,,1539.73144531,2026-01-23,2026-01-25
Heidenheim,GER,1,,1539.44543457,2026-01-25,2026-02-01
Almeria,ESP,2,,1536.92224121,2026-01-23,2026-01-25
Metz,FRA,1,,1535.23620605,2026-01-23,2026-01-25
Frosinone,ITA,2,,1534.85412598,2026-01-25,2026-02-08
Dinamo Zagreb,CRO,1,,1534.59069824,2026-01-23,2026-01-25
Brann,NOR,1,,1533.99133301,2026-01-23,2026-01-29
Southampton,ENG,2,,1533.28466797,2026-01-23,2026-01-25
Monza,ITA,2,,1531.6940918,2026-01-25,2026-02-08
Pisa,ITA,1,,1530.88977051,2026-01-24,2026-01-31
Bristol City,ENG,2,,1530.70605469,2026-01-25,2026-01-30
Ferencvaros,HUN,1,,1528.63513184,2026-01-23,2026-01-25
Elversberg,GER,2,,1527.94763184,2026-01-23,2026-01-25
Leganes,ESP,2,,1526.77416992,2026-01-25,2026-02-08
St Truiden,BEL,1,,1526.57983398,2026-01-25,2026-01-31
Watford,ENG,2,,1525.26367188,2026-01-25,2026-01-31
Antwerp,BEL,1,,1525.09594727,2026-01-23,2026-01-25
Trabzonspor,TUR,1,,1519.68737793,2026-01-24,2026-02-08
Castellon,ESP,2,,1519.60791016,2026-01-23,2026-01-25
Nijmegen,NED,1,,1519.43347168,2026-01-25,2026-01-31
Stoke,ENG,2,,1518.7376709,2026-01-25,2026-01-31
Preston,ENG,2,,1516.93566895,2026-01-25,2026-01-31
Derby,ENG,2,,1516.84411621,2026-01-24,2026-01-30
Saint-Etienne,FRA,2,,1512.81860352,2026-01-25,2026-02-08
Gil Vicente,POR,1,,1512.72521973,2026-01-23,2026-01-26
QPR,ENG,2,,1511.82531738,2026-01-25,2026-01-31
Paderborn,GER,2,,1511.13598633,2026-01-23,2026-01-25
Salzburg,AUT,1,,1510.26635742,2026-01-23,2026-01-29
Hammarby,SWE,1,,1509.1027832,2026-01-23,2026-02-08
Estoril,POR,1,,1508.2779541,2026-01-25,2026-02-08
Jagiellonia,POL,1,,1507.79370117,2026-01-01,2026-02-08
Charleroi,BEL,1,,1507.03015137,2026-01-23,2026-01-25
Cadiz,ESP,2,,1506.75231934,2026-01-25,2026-02-08
Wrexham,ENG,2,,1506.72717285,2026-01-25,2026-01-31
Darmstadt,GER,2,,1506.58374023,2026-01-24,2026-02-08
Lech,POL,1,,1506.54089355,2026-01-01,2026-01-31
Besiktas,TUR,1,,1505.67382812,2026-01-23,2026-01-26
Nordsjaelland,DEN,1,,1505.29187012,2026-01-23,2026-02-08
Swansea,ENG,2,,1504.25488281,2026-01-25,2026-01-31
Dynamo Moskva,RUS,1,,1504.17382812,2026-01-01,2026-02-08
Palermo,ITA,2,,1502.66308594,2026-01-25,2026-02-08
Depor,ESP,2,,1502.50219727,2026-01-23,2026-01-25
Bochum,GER,2,,1502.42858887,2026-01-23,2026-01-25
Holstein,GER,2,,1501.7322998,2026-01-24,2026-01-31
Larnaca,CYP,0,,1500.31872559,2026-01-22,2026-02-08
Empoli,ITA,2,,1500.31860352,2026-01-24,2026-02-08
Norwich,ENG,2,,1499.99157715,2026-01-23,2026-01-26
Troyes,FRA,2,,1499.08361816,2026-01-25,2026-02-08
Moreirense,POR,1,,1496.78417969,2026-01-25,2026-01-30
Mechelen,BEL,1,,1496.72363281,2026-01-23,2026-01-25
Gent,BEL,1,,1495.53991699,2026-01-23,2026-01-30
Basel,SUI,1,,1495.1953125,2026-01-23,2026-01-25
Utrecht,NED,1,,1494.45214844,2026-01-23,2026-01-25
Malaga,ESP,2,,1494.12414551,2026-01-24,2026-02-08
Jablonec,CZE,1,,1492.48413086,2026-01-23,2026-02-08
Schalke,GER,2,,1490.71862793,2026-01-23,2026-01-25
Burgos,ESP,2,,1486.05822754,2026-01-24,2026-02-08
Birmingham,ENG,2,,1485.10864258,2026-01-25,2026-01-31
Hannover,GER,2,,1484.93884277,2026-01-25,2026-01-30
Omonia,CYP,0,,1484.60827637,2026-01-22,2026-02-08
Djurgarden,SWE,1,,1483.82067871,2026-01-23,2026-02-08
Dunkerque,FRA,2,,1483.08764648,2026-01-23,2026-01-26
Bueyueksehir,TUR,1,,1482.94616699,2026-01-25,2026-02-08
Viborg,DEN,1,,1482.78173828,2026-01-23,2026-02-08
Aris Limassol,CYP,0,,1482.3326416,2026-01-22,2026-02-08
Cordoba,ESP,2,,1479.95202637,2026-01-25,2026-02-08
Baltika,RUS,1,,1477.88574219,2026-01-01,2026-02-08
Lautern,GER,2,,1477.63562012,2026-01-23,2026-01-25
Granada,ESP,2,,1477.58081055,2026-01-25,2026-02-08
Eibar,ESP,2,,1476.84619141,2026-01-23,2026-01-25
Blackburn,ENG,2,,1475.22802734,2026-01-25,2026-01-31
Hertha,GER,2,,1474.34155273,2026-01-25,2026-02-08
Gijon,ESP,2,,1473.21984863,2026-01-25,2026-02-08
West Brom,ENG,2,,1470.44897461,2026-01-24,2026-01-31
Catanzaro,ITA,2,,1469.0390625,2026-01-23,2026-01-25
Goeztepe,TUR,1,,1468.7532959,2026-01-23,2026-01-25
Tromso,NOR,1,,1468.29370117,2026-01-23,2026-02-08
SonderjyskE,DEN,1,,1467.07080078,2026-01-23,2026-02-08
Rio Ave,POR,1,,1466.45532227,2026-01-23,2026-01-25
Portsmouth,ENG,2,,1466.18920898,2026-01-23,2026-01-25
Hearts,SCO,1,,1465.91101074,2026-01-23,2026-01-25
Beer-Sheva,ISR,1,,1464.38598633,2026-01-25,2026-02-08
Santa Clara,POR,1,,1460.89282227,2026-01-25,2026-02-08
Randers,DEN,1,,1460.89245605,2026-01-23,2026-02-08
Craiova,ROM,1,,1460.88598633,2026-01-25,2026-02-08
Valladolid,ESP,2,,1459.93395996,2026-01-25,2026-02-08
Slovan Liberec,CZE,1,,1459.39477539,2026-01-23,2026-02-08
Westerlo,BEL,1,,1457.81079102,2026-01-23,2026-01-25
Karlsruhe,GER,2,,1457.36450195,2026-01-25,2026-01-31
Albacete,ESP,2,,1455.53564453,2026-01-25,2026-02-08
Juve Stabia,ITA,2,,1454.95263672,2026-01-25,2026-02-08
StGallen,SUI,1,,1454.55761719,2026-01-23,2026-01-25
Sparta Rotterdam,NED,1,,1453.77636719,2026-01-23,2026-01-25
Charlton,ENG,2,,1453.21362305,2026-01-25,2026-01-31
Mirandes,ESP,2,,1453.03649902,2026-01-25,2026-02-08
Molde,NOR,1,,1452.22058105,2026-01-23,2026-02-08
Cesena,ITA,2,,1451.85217285,2026-01-25,2026-02-08
Cercle Brugge,BEL,1,,1450.03100586,2026-01-23,2026-01-25
Young Boys,SUI,1,,1449.65429688,2026-01-23,2026-01-25
Modena,ITA,2,,1449.53686523,2026-01-25,2026-02-08
Magdeburg,GER,2,,1446.71386719,2026-01-25,2026-01-30
Razgrad,BUL,1,,1446.65087891,2026-01-23,2026-01-29
Steaua,ROM,1,,1446.62084961,2026-01-23,2026-01-25
Sturm Graz,AUT,1,,1446.39575195,2026-01-23,2026-01-29
Lausanne,SUI,1,,1446.37878418,2026-01-25,2026-02-08
Ceuta,ESP,2,,1445.83374023,2026-01-23,2026-01-26
Rosenborg,NOR,1,,1444.0982666,2026-01-23,2026-02-08
Go Ahead Eagles,NED,1,,1443.74743652,2026-01-23,2026-01-29
Oxford,ENG,2,,1442.98120117,2026-01-25,2026-01-31
Silkeborg,DEN,1,,1442.66772461,2026-01-23,2026-02-08
Guingamp,FRA,2,,1441.91833496,2026-01-25,2026-02-08
Samsunspor,TUR,1,,1441.58288574,2026-01-25,2026-02-08
Lugano,SUI,1,,1441.27856445,2026-01-25,2026-02-08
Pogon,POL,1,,1440.42907715,2026-01-01,2026-02-08
Duesseldorf,GER,2,,1439.94433594,2026-01-25,2026-02-08
Cracovia,POL,1,,1438.89404297,2026-01-01,2026-02-08
Arouca,POR,1,,1438.81274414,2026-01-25,2026-02-08
Celje,SVN,1,,1438.73840332,2026-01-01,2026-02-08
Gornik,POL,1,,1438.04870605,2026-01-01,2026-02-08
Huesca,ESP,2,,1437.68676758,2026-01-23,2026-01-25
Heerenveen,NED,1,,1437.6072998,2026-01-23,2026-02-08
Standard,BEL,1,,1437.47216797,2026-01-23,2026-02-08
Levadeiakos,GRE,1,,1437.26367188,2026-01-23,2026-01-25
Nuernberg,GER,2,,1437.08850098,2026-01-24,2026-01-30
Rostov,RUS,1,,1435.17077637,2026-01-01,2026-02-08
Malmoe,SWE,1,,1434.55712891,2026-01-23,2026-01-29
Groningen,NED,1,,1434.49743652,2026-01-23,2026-01-25
Montpellier,FRA,2,,1434.37084961,2026-01-24,2026-02-08
Annecy,FRA,2,,1432.09838867,2026-01-24,2026-02-08
Aris,GRE,1,,1431.90942383,2026-01-23,2026-01-25
Red Star,FRA,2,,1430.77478027,2026-01-25,2026-02-08
Rubin Kazan,RUS,1,,1430.16821289,2026-01-01,2026-02-08
M Tel Aviv,ISR,1,,1426.98327637,2026-01-23,2026-01-26
Piast Gliwice,POL,1,,1426.75805664,2026-01-01,2026-02-08
Casa Pia,POR,1,,1426.08508301,2026-01-24,2026-02-08
Suedtirol,ITA,2,,1425.2722168,2026-01-23,2026-01-25
Le Mans,FRA,2,,1425.16088867,2026-01-23,2026-01-26
Spezia,ITA,2,,1425.10449219,2026-01-23,2026-02-08
Legia,POL,1,,1424.8482666,2026-01-01,2026-02-01
LASK,AUT,1,,1424.5279541,2026-01-23,2026-02-08
Hradec Kralove,CZE,1,,1424.41723633,2026-01-23,2026-02-08
Maccabi Haifa,ISR,1,,1423.58410645,2026-01-25,2026-02-08
Sociedad B,ESP,2,,1423.41955566,2026-01-25,2026-01-30
Zwolle,NED,1,,1422.9942627,2026-01-25,2026-01-31
Sandefjord,NOR,1,,1422.18200684,2026-01-23,2026-02-08
Andorra CF,ESP,2,,1420.73425293,2026-01-23,2026-01-25
Radomiak,POL,1,,1420.61621094,2026-01-01,2026-02-08
Alverca,POR,1,,1420.60400391,2026-01-23,2026-01-25
Hajduk,CRO,1,,1419.96081543,2026-01-23,2026-01-25
Dynamo Kyiv,UKR,1,,1418.65649414,2026-01-01,2026-02-08
Fredrikstad,NOR,1,,1418.08154297,2026-01-23,2026-02-08
Hibernian,SCO,1,,1417.47167969,2026-01-25,2026-02-08
Nacional,POR,1,,1416.99487305,2026-01-23,2026-01-25
Gyoer,HUN,1,,1416.24536133,2026-01-23,2026-01-25
Alanyaspor,TUR,1,,1415.44641113,2026-01-23,2026-01-25
Levski,BUL,1,,1415.16748047,2026-01-23,2026-02-08
Leuven,BEL,1,,1414.06420898,2026-01-25,2026-02-08
Rodez,FRA,2,,1413.19421387,2026-01-24,2026-02-08
Austria Wien,AUT,1,,1412.96704102,2026-01-23,2026-02-08
Lubin,POL,1,,1412.80822754,2026-01-01,2026-02-08
Wolfsberg,AUT,1,,1412.16320801,2026-01-23,2026-02-08
Odense,DEN,1,,1411.99572754,2026-01-23,2026-02-06
Korona,POL,1,,1410.82287598,2026-01-01,2026-02-01
Carrarese,ITA,2,,1410.7734375,2026-01-24,2026-02-08
GAIS,SWE,1,,1408.98901367,2026-01-23,2026-02-08
Estrela Amadora,POR,1,,1408.01831055,2026-01-23,2026-01-25
Rijeka,CRO,1,,1406.14208984,2026-01-23,2026-02-08
Leonesa,ESP,2,,1405.76501465,2026-01-23,2026-01-26
Zaragoza,ESP,2,,1404.84265137,2026-01-23,2026-01-25
Paksi,HUN,1,,1403.26757812,2026-01-25,2026-02-08
Thun,SUI,1,,1402.49157715,2026-01-23,2026-01-25
Servette,SUI,1,,1400.24987793,2026-01-23,2026-01-25
Sittard,NED,1,,1400.12658691,2026-01-23,2026-01-25
Goeteborg,SWE,1,,1400.01293945,2026-01-23,2026-02-08
Sampdoria,ITA,2,,1399.15759277,2026-01-23,2026-01-25
Sarpsborg,NOR,1,,1399.10021973,2026-01-23,2026-02-08
Muenster,GER,2,,1398.43383789,2026-01-23,2026-01-25
Zulte Waregem,BEL,1,,1398.0,2026-01-25,2026-01-31
Plock,POL,1,,1397.70581055,2026-01-01,2026-02-01
Clermont,FRA,2,,1397.53491211,2026-01-24,2026-02-08
AIK,SWE,1,,1394.70898438,2026-01-23,2026-02-08
Gaziantep FK,TUR,1,,1393.51464844,2026-01-23,2026-01-25
Rapid Bucuresti,ROM,1,,1392.6282959,2026-01-23,2026-01-26
Puskas Akademia,HUN,1,,1390.51049805,2026-01-25,2026-02-08
Banik Ostrava,CZE,1,,1390.45080566,2026-01-23,2026-02-08
IK Sirius,SWE,1,,1389.79138184,2026-01-23,2026-02-08
Katowice,POL,1,,1389.47314453,2026-01-01,2026-02-08
Terek Grozny,RUS,1,,1387.9239502,2026-01-01,2026-02-08
Sion,SUI,1,,1387.66589355,2026-01-25,2026-02-08
Pau,FRA,2,,1387.63183594,2026-01-24,2026-02-08
Karvina,CZE,1,,1386.75024414,2026-01-23,2026-02-08
Beitar,ISR,1,,1386.62194824,2026-01-23,2026-01-25
CFR Cluj,ROM,1,,1386.33654785,2026-01-23,2026-01-25
Dender,BEL,1,,1384.1496582,2026-01-23,2026-01-25
Padova,ITA,2,,1383.89440918,2026-01-23,2026-01-25
Bastia,FRA,2,,1383.61352539,2026-01-24,2026-02-08
Lechia,POL,1,,1383.5880127,2026-01-01,2026-01-31
Kasimpasa,TUR,1,,1382.00170898,2026-01-24,2026-02-08
Partizan,SRB,1,,1380.56408691,2026-01-23,2026-02-08
Ham-Kam,NOR,1,,1379.46948242,2026-01-23,2026-02-08
Kryliya Sovetov,RUS,1,,1378.48657227,2026-01-01,2026-02-08
Grenoble,FRA,2,,1378.42980957,2026-01-24,2026-02-08
Rizespor,TUR,1,,1377.88806152,2026-01-23,2026-01-25
Bielefeld,GER,2,,1377.81030273,2026-01-24,2026-02-08
Elfsborg,SWE,1,,1377.11645508,2026-01-23,2026-02-08
Hartberg,AUT,1,,1376.91931152,2026-01-23,2026-02-08
Bari,ITA,2,,1376.19262695,2026-01-25,2026-02-08
Akron Togliatti,RUS,1,,1374.86291504,2026-01-01,2026-02-08
Mantova,ITA,2,,1374.1003418,2026-01-25,2026-02-08
Reggiana,ITA,2,,1374.08789062,2026-01-25,2026-02-08
Motherwell,SCO,1,,1373.89709473,2026-01-25,2026-01-31
RAAL,BEL,1,,1373.2734375,2026-01-25,2026-01-30
Sigma Olomouc,CZE,1,,1372.81726074,2026-01-23,2026-02-08
Tondela,POR,1,,1370.74169922,2026-01-23,2026-01-25
Luzern,SUI,1,,1370.4630127,2026-01-25,2026-02-08
Valerenga,NOR,1,,1370.30480957,2026-01-23,2026-02-08
Haecken,SWE,1,,1369.46630859,2026-01-23,2026-02-08
Zuerich,SUI,1,,1369.25976562,2026-01-23,2026-01-25
Sheffield Weds,ENG,2,,1369.14990234,2026-01-25,2026-01-31
Avellino,ITA,2,,1368.84143066,2026-01-23,2026-02-08
Motor Lublin,POL,1,,1368.35766602,2026-01-01,2026-02-08
KFUM Oslo,NOR,1,,1367.8392334,2026-01-23,2026-02-08
Dinamo Bucuresti,ROM,1,,1367.42810059,2026-01-24,2026-01-30
Braunschweig,GER,2,,1367.16430664,2026-01-25,2026-01-31
Slovan Bratislava,SLK,0,,1366.51843262,2026-01-01,2026-02-08
Atromitos,GRE,1,,1363.22741699,2026-01-23,2026-01-25
Konyaspor,TUR,1,,1362.34765625,2026-01-23,2026-01-25
Kocaelispor,TUR,1,,1361.71459961,2026-01-25,2026-02-08
Vejle,DEN,1,,1360.09680176,2026-01-23,2026-02-08
Entella,ITA,2,,1358.79284668,2026-01-25,2026-02-08
Laval,FRA,2,,1358.41101074,2026-01-24,2026-02-08
Widzew,POL,1,,1358.3215332,2026-01-01,2026-02-08
Teplice,CZE,1,,1357.32336426,2026-01-23,2026-02-08
Fuerth,GER,2,,1356.94799805,2026-01-25,2026-01-31
Polissya Zhytomyr,UKR,1,,1356.40942383,2026-01-01,2026-02-08
Kayseri,TUR,1,,1356.17004395,2026-01-25,2026-02-08
Boulogne,FRA,2,,1354.84875488,2026-01-25,2026-02-08
CSKA Sofia,BUL,1,,1354.51074219,2026-01-23,2026-02-08
Universitatea Cluj,ROM,1,,1353.10327148,2026-01-25,2026-02-08
FK Astana,KAZ,0,,1351.63500977,2026-01-21,2026-02-08
Amiens,FRA,2,,1350.39099121,2026-01-24,2026-02-08
Istra 1961,CRO,1,,1349.63818359,2026-01-23,2026-01-25
Rapid Wien,AUT,1,,1349.07409668,2026-01-23,2026-02-08
Genclerbirligi,TUR,1,,1348.82995605,2026-01-23,2026-01-25
Nancy,FRA,2,,1347.67834473,2026-01-24,2026-02-08
Heracles,NED,1,,1345.47143555,2026-01-23,2026-01-25
Dresden,GER,2,,1344.91467285,2026-01-25,2026-02-08
Maribor,SVN,1,,1343.56713867,2026-01-01,2026-02-08
Lok Zagreb,CRO,1,,1340.87451172,2026-01-23,2026-02-08
Otelul Galati,ROM,1,,1340.54418945,2026-01-23,2026-01-26
Fredericia,DEN,1,,1340.2322998,2026-01-23,2026-02-08
Sheriff Tiraspol,MOL,0,,1337.35595703,2026-01-01,2026-02-08
Eyupspor,TUR,1,,1337.07299805,2026-01-23,2026-01-26
Excelsior,NED,1,,1335.01098633,2026-01-25,2026-02-08
Pescara,ITA,2,,1334.34985352,2026-01-25,2026-02-08
Trnava,SLK,0,,1333.72814941,2026-01-01,2026-02-08
Zilina,SLK,0,,1333.45056152,2026-01-01,2026-02-08
Telstar,NED,1,,1333.1463623,2026-01-23,2026-01-25
Dynamo Makhachkala,RUS,1,,1331.1953125,2026-01-01,2026-02-08
Debrecen,HUN,1,,1330.80175781,2026-01-23,2026-01-25
Grasshoppers,SUI,1,,1328.80615234,2026-01-25,2026-02-08
Antalyaspor,TUR,1,,1328.70690918,2026-01-23,2026-01-25
Bohemians Praha,CZE,1,,1328.44458008,2026-01-23,2026-02-08
Osijek,CRO,1,,1328.32067871,2026-01-23,2026-01-25
Mlada Boleslav,CZE,1,,1327.85302734,2026-01-23,2026-02-08
Volendam,NED,1,,1327.27246094,2026-01-25,2026-02-08
Botosani,ROM,1,,1326.71289062,2026-01-25,2026-02-08
Kristiansund,NOR,1,,1326.27563477,2026-01-23,2026-02-08
Cherno More,BUL,1,,1325.14782715,2026-01-23,2026-02-08
Orenburg,RUS,1,,1324.97106934,2026-01-01,2026-02-08
Koper,SVN,1,,1324.89782715,2026-01-01,2026-02-08
Arka,POL,1,,1324.79003906,2026-01-01,2026-02-08
NFC Volos,GRE,1,,1324.45349121,2026-01-25,2026-02-08
Kosice,SLK,0,,1324.39257812,2026-01-01,2026-02-08
Nieciecza,POL,1,,1323.28356934,2026-01-01,2026-02-08
Varazdin,CRO,1,,1322.85693359,2026-01-23,2026-01-26
Zalaegerszegi,HUN,1,,1321.79101562,2026-01-23,2026-01-25
Zira,AZE,0,,1321.39416504,2026-01-22,2026-02-08
Bryne,NOR,1,,1320.36706543,2026-01-23,2026-02-08
Nizhny Novgorod,RUS,1,,1320.17346191,2026-01-01,2026-02-08
Asteras Tripolis,GRE,1,,1317.35925293,2026-01-25,2026-02-01
Nakchivan,AZE,0,,1315.51049805,2026-01-22,2026-02-08
UTA Arad,ROM,1,,1314.90783691,2026-01-23,2026-01-26
Pardubice,CZE,1,,1313.71826172,2026-01-23,2026-02-08
Tescoma Zlin,CZE,1,,1313.61584473,2026-01-23,2026-02-08
Sabah,AZE,0,,1313.49816895,2026-01-22,2026-02-08
Breda,NED,1,,1313.31970215,2026-01-25,2026-01-30
Viitorul,ROM,1,,1313.2109375,2026-01-23,2026-01-25
Shamrock,IRL,0,,1313.01416016,2026-01-01,2026-02-08
OFI,GRE,1,,1312.84313965,2026-01-23,2026-01-25
Slaven Belupo,CRO,1,,1310.34228516,2026-01-23,2026-02-08
Sochi,RUS,1,,1310.33447266,2026-01-01,2026-02-08
Olimpija Ljubljana,SVN,1,,1308.4263916,2026-01-01,2026-02-08
Panetolikos,GRE,1,,1307.69055176,2026-01-23,2026-01-25
Slovacko,CZE,1,,1306.86352539,2026-01-23,2026-02-08
Ried,AUT,1,,1306.3449707,2026-01-23,2026-02-08
Kuopio,FIN,0,,1306.05493164,2026-01-01,2026-02-08
AVS Futebol,POR,1,,1303.50476074,2026-01-24,2026-02-08
Noah,ARM,0,,1301.39440918,2026-01-01,2026-02-08
Kryvbas,UKR,1,,1300.24987793,2026-01-01,2026-02-08
Kairat,KAZ,0,,1294.50817871,2026-01-21,2026-01-28
Dundee United,SCO,1,,1293.7878418,2026-01-25,2026-01-31
Aberdeen,SCO,1,,1290.49658203,2026-01-25,2026-01-31
Kifisias,GRE,1,,1290.10412598,2026-01-23,2026-01-25
Halmstad,SWE,1,,1289.98876953,2026-01-23,2026-02-08
Pyunik,ARM,0,,1289.34020996,2026-01-01,2026-02-08
Wattens,AUT,1,,1289.31054688,2026-01-23,2026-02-08
Kolos,UKR,1,,1289.26293945,2026-01-01,2026-02-08
Vaduz,LIE,0,,1289.25183105,2026-01-23,2026-02-08
Brommapojkarna,SWE,1,,1289.07702637,2026-01-23,2026-02-08
Metalist 1925,UKR,1,,1285.69543457,2026-01-01,2026-02-08
Vikingur,ISL,0,,1285.12316895,2026-01-01,2026-02-08
Altach,AUT,1,,1284.78088379,2026-01-23,2026-02-08
Zrinjski Mostar,BHZ,0,,1283.75610352,2026-01-01,2026-02-08
FK Riga,LAT,0,,1283.32727051,2026-01-01,2026-02-08
MTK,HUN,1,,1283.20812988,2026-01-25,2026-02-08
Winterthur,SUI,1,,1282.75878906,2026-01-25,2026-02-08
Diosgyori,HUN,1,,1281.96057129,2026-01-23,2026-01-25
Norrkoeping,SWE,1,,1281.16699219,2026-01-23,2026-02-08
St Mirren,SCO,1,,1280.30102539,2026-01-25,2026-01-31
Stromsgodset,NOR,1,,1280.20996094,2026-01-23,2026-02-08
LNZ,UKR,1,,1279.71643066,2026-01-01,2026-02-08
Arges Pitesti,ROM,1,,1278.80505371,2026-01-23,2026-02-08
Fatih Karaguemruek,TUR,1,,1278.65319824,2026-01-25,2026-02-08
St Patricks,IRL,0,,1278.34521484,2026-01-01,2026-02-08
Dukla,CZE,1,,1278.26013184,2026-01-23,2026-02-08
Novi Sad,SRB,1,,1276.52844238,2026-01-23,2026-02-08
Aarau,SUI,1,,1276.11572266,2026-01-23,2026-02-08
Bnei Sakhinin,ISR,1,,1274.99279785,2026-01-25,2026-02-08
Kisvarda,HUN,1,,1273.17419434,2026-01-25,2026-02-08
Ujpest,HUN,1,,1269.54870605,2026-01-25,2026-02-08
HNK Gorica,CRO,1,,1268.19946289,2026-01-23,2026-01-26
Bravo,SVN,1,,1264.56921387,2026-01-01,2026-02-08
H Tel Aviv,ISR,1,,1262.7220459,2026-01-23,2026-01-26
Falkirk,SCO,1,,1261.79992676,2026-01-25,2026-02-08
Hapoel Jerusalem,ISR,1,,1261.15307617,2026-01-24,2026-02-08
Arda,BUL,1,,1260.0838623,2026-01-23,2026-02-08
Degerfors,SWE,1,,1260.06640625,2026-01-23,2026-02-08
Hapoel Haifa,ISR,1,,1260.06408691,2026-01-25,2026-02-08
Netanya,ISR,1,,1257.71459961,2026-01-25,2026-02-08
Karpaty,UKR,1,,1257.12072754,2026-01-01,2026-02-08
Zorya,UKR,1,,1257.02856445,2026-01-01,2026-02-08
Dundee,SCO,1,,1256.8717041,2026-01-23,2026-01-25
CSKA 1948 Sofia,BUL,1,,1255.10290527,2026-01-23,2026-02-08
BW Linz,AUT,1,,1253.99450684,2026-01-23,2026-02-08
Petrolul Ploiesti,ROM,1,,1252.76806641,2026-01-23,2026-01-25
GAK,AUT,1,,1252.4387207,2026-01-23,2026-02-08
Rukh Lviv,UKR,1,,1251.89929199,2026-01-01,2026-02-08
Larisa,GRE,1,,1250.92529297,2026-01-25,2026-02-08
Drita,KOS,0,,1250.6328125,2026-01-01,2026-02-08
HJK Helsinki,FIN,0,,1250.14465332,2026-01-01,2026-02-08
Ararat,ARM,0,,1248.96777344,2026-01-01,2026-02-08
Oester,SWE,1,,1245.18200684,2026-01-23,2026-02-08
Olexandriya,UKR,1,,1243.41650391,2026-01-01,2026-02-08
Aktobe,KAZ,0,,1243.41381836,2026-01-21,2026-02-08
Varnamo,SWE,1,,1243.04602051,2026-01-23,2026-02-08
Kilmarnock,SCO,1,,1242.40759277,2026-01-25,2026-01-31
Shkendija,MAC,0,,1242.15368652,2026-01-01,2026-02-08
Shelbourne,IRL,0,,1240.87072754,2026-01-01,2026-02-08
Hermannstadt,ROM,1,,1235.22631836,2026-01-24,2026-02-08
Derry City,IRL,0,,1233.97888184,2026-01-01,2026-02-08
Breidablik,ISL,0,,1231.23120117,2026-01-01,2026-02-08
Nyiregyhaza,HUN,1,,1226.08642578,2026-01-25,2026-02-08
H Petach Tikva,ISR,1,,1223.21252441,2026-01-24,2026-02-08
Veres,UKR,1,,1223.16125488,2026-01-01,2026-02-08
RFS,LAT,0,,1221.79467773,2026-01-01,2026-02-08
Slavia Sofia,BUL,1,,1218.91271973,2026-01-23,2026-02-08
Novi Pazar,SRB,1,,1218.18481445,2026-01-23,2026-02-08
Panserraikos,GRE,1,,1218.18188477,2026-01-25,2026-02-01
Zeljeznicar,BHZ,0,,1218.015625,2026-01-01,2026-02-08
Haugesund,NOR,1,,1214.49694824,2026-01-23,2026-02-08
Csikszereda,ROM,1,,1214.05090332,2026-01-23,2026-01-26
Ironi Tiberias,ISR,1,,1211.69555664,2026-01-25,2026-02-08
FK Sarajevo,BHZ,0,,1211.49450684,2026-01-01,2026-02-08
Valur,ISL,0,,1211.37255859,2026-01-01,2026-02-08
Borac Banja Luka,BHZ,0,,1211.09521484,2026-01-01,2026-02-08
Backa Topola,SRB,1,,1210.72937012,2026-01-23,2026-02-08
Ilves Tampere,FIN,0,,1208.86767578,2026-01-01,2026-02-08
Cukaricki,SRB,1,,1206.27172852,2026-01-23,2026-02-08
Lok Sofia,BUL,1,,1204.7310791,2026-01-23,2026-02-08
Dinamo Minsk,BLR,0,,1202.69592285,2026-01-01,2026-02-08
Ordabasy,KAZ,0,,1202.26062012,2026-01-21,2026-02-08
Kazincbarcika,HUN,1,,1200.71594238,2026-01-23,2026-01-25
Kragujevac,SRB,1,,1200.44714355,2026-01-23,2026-02-08
Unirea Slobozia,ROM,1,,1200.34277344,2026-01-25,2026-02-08
Akureyri,ISL,0,,1199.48815918,2026-01-01,2026-02-08
Lok Plovdiv,BUL,1,,1196.52416992,2026-01-23,2026-02-08
Radomlje,SVN,1,,1195.37463379,2026-01-01,2026-02-08
Obolon Kyiv,UKR,1,,1191.45031738,2026-01-01,2026-02-08
Ashdod,ISR,1,,1190.65380859,2026-01-23,2026-01-25
Klaksvik,FAR,0,,1189.47143555,2026-01-01,2026-02-08
Botev Plovdiv,BUL,1,,1189.46264648,2026-01-23,2026-02-08
Zeleznicar Pancevo,SRB,1,,1189.10595703,2026-01-23,2026-02-08
Ballkani,KOS,0,,1188.27062988,2026-01-01,2026-02-08
Seinajoki,FIN,0,,1186.66918945,2026-01-01,2026-02-08
Dinamo Tirana,ALB,0,,1183.72375488,2026-01-01,2026-02-08
Banants,ARM,0,,1182.06335449,2026-01-01,2026-02-08
Auda,LAT,0,,1179.07116699,2026-01-01,2026-02-08
Neman Grodno,BLR,0,,1179.02661133,2026-01-01,2026-02-08
Kiryat Shmona,ISR,1,,1178.62341309,2026-01-25,2026-02-08
Daugavpils,LAT,0,,1171.93493652,2026-01-01,2026-02-08
Zalgiris Vilnius,LIT,0,,1167.50354004,2026-01-01,2026-02-08
Aluminij,SVN,1,,1167.01525879,2026-01-01,2026-02-08
OFK,SRB,1,,1166.47802734,2026-01-23,2026-02-08
Livingston,SCO,1,,1162.73596191,2026-01-25,2026-01-31
Torpedo Kutaisi,GEO,0,,1159.65441895,2026-01-01,2026-02-08
Petrocub,MOL,0,,1159.45910645,2026-01-01,2026-02-08
Partizani Tirana,ALB,0,,1158.83312988,2026-01-01,2026-02-08
Metaloglobus,ROM,1,,1158.04101562,2026-01-23,2026-01-30
Egnatia,ALB,0,,1157.89318848,2026-01-01,2026-02-08
Mladost Lucani,SRB,1,,1154.4901123,2026-01-23,2026-02-08
FC Spaeri,GEO,0,,1150.32836914,2026-01-01,2026-02-08
Dila Gori,GEO,0,,1149.45703125,2026-01-01,2026-02-08
Saburtalo,GEO,0,,1149.44433594,2026-01-01,2026-02-08
Botev Vratsa,BUL,1,,1148.38867188,2026-01-23,2026-02-08
Mura,SVN,1,,1147.82739258,2026-01-01,2026-02-08
Primorje,SVN,1,,1147.00073242,2026-01-01,2026-01-30
Vllaznia,ALB,0,,1145.86279297,2026-01-01,2026-02-08
Radnik Surdulica,SRB,1,,1134.02319336,2026-01-23,2026-02-08
IMT,SRB,1,,1131.56298828,2026-01-23,2026-02-08
Kauno Zalgiris,LIT,0,,1131.27331543,2026-01-01,2026-02-08
Maccabi Bnei Raina,ISR,1,,1131.12463379,2026-01-25,2026-02-08
Flora Tallinn,EST,0,,1130.34924316,2026-01-01,2026-02-08
Episentr,UKR,1,,1129.16809082,2026-01-01,2026-02-08
Beroe Stara Zagora,BUL,1,,1128.9387207,2026-01-23,2026-02-08
Vukovar,CRO,1,,1127.43530273,2026-01-23,2026-02-08
Levski Krumovgrad,BUL,1,,1127.27783203,2026-01-23,2026-02-08
Kudrivka,UKR,1,,1125.98828125,2026-01-01,2026-02-08
Dinamo Brest,BLR,0,,1124.85290527,2026-01-01,2026-02-08
Zimbru,MOL,0,,1121.74816895,2026-01-01,2026-02-08
Spartak Varna,BUL,1,,1120.98291016,2026-01-23,2026-02-08
Hamrun,MLT,0,,1116.77966309,2026-01-01,2026-02-08
Domzale,SVN,1,,1115.27880859,2026-01-01,2026-01-30
Linfield,NIR,0,,1112.89941406,2026-01-01,2026-02-08
Banga,LIT,0,,1112.11181641,2026-01-01,2026-02-08
Torpedo Zhodino,BLR,0,,1109.97851562,2026-01-01,2026-02-08
Nis,SRB,1,,1108.79907227,2026-01-23,2026-02-08
Milsami Orhei,MOL,0,,1106.4597168,2026-01-01,2026-02-08
Vardar,MAC,0,,1106.05053711,2026-01-01,2026-02-08
Hegelmann,LIT,0,,1105.8293457,2026-01-01,2026-02-08
Septemvri Sofia,BUL,1,,1102.88171387,2026-01-23,2026-02-08
Ivanjica,SRB,1,,1098.45654297,2026-01-23,2026-02-08
Decic,MNT,0,,1098.27709961,2026-01-01,2026-02-08
Zlatibor,SRB,1,,1097.47558594,2026-01-23,2026-02-08
Sileks,MAC,0,,1097.37963867,2026-01-01,2026-02-08
SK Poltava,UKR,1,,1091.00097656,2026-01-01,2026-02-08
Rabotnicki,MAC,0,,1087.70288086,2026-01-01,2026-02-08
Prishtine,KOS,0,,1083.18579102,2026-01-01,2026-02-08
Paide Linnameeskond,EST,0,,1082.51757812,2026-01-01,2026-02-08
Sutjeska,MNT,0,,1082.15710449,2026-01-01,2026-02-08
Nomme Kalju,EST,0,,1067.46813965,2026-01-01,2026-02-08
The New Saints,WAL,0,,1066.42773438,2026-01-01,2026-02-08
Lincoln,GIB,0,,1065.0925293,2026-01-01,2026-02-08
Montana 1921,BUL,1,,1064.58679199,2026-01-23,2026-02-08
Differdang,LUX,0,,1064.40576172,2026-01-01,2026-02-08
Floriana,MLT,0,,1063.39428711,2026-01-01,2026-02-08
Krusevac,SRB,1,,1063.35302734,2026-01-23,2026-02-08
Larne,NIR,0,,1059.32751465,2026-01-01,2026-02-08
Malisheva,KOS,0,,1056.29064941,2026-01-01,2026-02-08
R Letzebuerg,LUX,0,,1055.80249023,2026-01-01,2026-02-08
Hibernians Paola,MLT,0,,1055.26086426,2026-01-01,2026-02-08
Blagoevgrad,BUL,1,,1053.16833496,2026-01-23,2026-02-08
Dungannon,NIR,0,,1052.24328613,2026-01-01,2026-02-08
Birkirkara,MLT,0,,1050.81774902,2026-01-01,2026-02-08
FC Infonet,EST,0,,1050.10693359,2026-01-01,2026-02-08
HB Torshavn,FAR,0,,1050.02612305,2026-01-01,2026-02-08
Dobrudzha,BUL,1,,1047.88378906,2026-01-23,2026-02-08
Una Strassen,LUX,0,,1047.8717041,2026-01-01,2026-02-08
Runavik,FAR,0,,1039.27258301,2026-01-01,2026-02-08
Hebar,BUL,1,,1036.14208984,2026-01-23,2026-02-08
Dudelange,LUX,0,,1035.68383789,2026-01-01,2026-02-08
Podgorica,MNT,0,,1034.60522461,2026-01-01,2026-02-08
Gota,FAR,0,,1033.25927734,2026-01-01,2026-02-08
Cliftonville,NIR,0,,1032.94494629,2026-01-01,2026-02-08
Escaldes,AND,0,,1002.06817627,2026-01-01,2026-02-08
Penybont,WAL,0,,988.081848145,2026-01-01,2026-02-08
Haverfordwest,WAL,0,,985.360229492,2026-01-01,2026-02-08
St Josephs,GIB,0,,968.097106934,2026-01-01,2026-02-08
Santa Coloma,AND,0,,954.305236816,2026-01-01,2026-02-08
Atletic Club Escaldes,AND,0,,944.222595215,2026-01-01,2026-02-08
FCB Magpies,GIB,0,,935.020629883,2026-01-01,2026-02-08
SS Virtus,SMR,0,,767.627746582,2026-01-01,2026-02-08
Tre Fiori,SMR,0,,736.193237305,2026-01-01,2026-02-08
La Fiorita,SMR,0,,716.190124512,2026-01-01,2026-02-08
